is_win,time,score,agent_type
False,36.95870661735535,172.0,MinimaxAgent
False,49.543123722076416,318.0,MinimaxAgent
False,27.833064556121826,93.0,MinimaxAgent
False,7.453572750091553,-307.0,ExpectimaxAgent
False,5.352492332458496,-315.0,ExpectimaxAgent
False,36.12852382659912,455.0,ExpectimaxAgent

